spread,term,coef,nw_t,p
composite-csi300,const,-0.1005,-1.82,0.068
composite-csi300,mom,-0.0209,-2.22,0.026
composite-csi300,vol,0.0082,2.2,0.028
composite-csi300,dvol_pct,0.1142,1.82,0.068
chinext-comp,const,0.0066,0.39,0.7
chinext-comp,mom,0.0012,0.64,0.525
chinext-comp,vol,-0.0022,-1.13,0.257
chinext-comp,dvol_pct,-0.0096,-0.47,0.638
chinext50-comp,const,0.0091,0.94,0.347
chinext50-comp,mom,0.0075,2.65,0.008
chinext50-comp,vol,-0.0039,-1.08,0.282
chinext50-comp,dvol_pct,-0.0189,-1.22,0.221
chinext300-comp,const,0.0052,1.23,0.217
chinext300-comp,mom,-0.0,-0.02,0.988
chinext300-comp,vol,-0.001,-1.18,0.24
chinext300-comp,dvol_pct,-0.0088,-1.43,0.152
basic-comp,const,0.0067,1.69,0.091
basic-comp,mom,-0.0005,-0.41,0.683
basic-comp,vol,-0.0006,-1.03,0.304
basic-comp,dvol_pct,-0.0098,-1.98,0.047
