date,spread,y,pred,bench
2022-12-31,composite-csi300,0.021606510372082832,-0.013513103341085839,0.007128270535750305
2023-01-31,composite-csi300,0.006796047758547807,-0.01901316011366519,0.007128270535750305
2023-02-28,composite-csi300,0.012885441622424554,0.0013765698642956709,0.007128270535750305
2023-03-31,composite-csi300,-0.020608923854903205,-4.362291141765673e-05,0.007128270535750305
2023-04-30,composite-csi300,0.04437197970334761,-0.003685520708471543,0.007128270535750305
2023-05-31,composite-csi300,-0.0019608344955941437,-0.008148383529031106,0.007128270535750305
2023-06-30,composite-csi300,-0.058443698683345535,0.0008600461600026255,0.007128270535750305
2023-07-31,composite-csi300,0.013961305585176276,-0.009177092262981426,0.007128270535750305
2023-08-31,composite-csi300,-0.0026236663084066025,-0.004008588917800482,0.007128270535750305
2023-09-30,composite-csi300,0.0189591318773793,-0.012919593178298036,0.007128270535750305
2023-10-31,composite-csi300,0.030932814221596883,0.007890677804165844,0.007128270535750305
2023-11-30,composite-csi300,-0.0026809477537940163,0.002943709873223996,0.007128270535750305
2023-12-31,composite-csi300,-0.1397175667300281,-0.014197146039030925,0.007128270535750305
2024-01-31,composite-csi300,0.03046220984173198,-0.013756441389469437,0.007128270535750305
2024-02-29,composite-csi300,0.022737552559413343,0.03751867517289724,0.007128270535750305
2024-03-31,composite-csi300,-0.016204321723590542,0.019132425971547837,0.007128270535750305
2024-04-30,composite-csi300,-0.013617133608136212,0.012549847961553437,0.007128270535750305
2024-05-31,composite-csi300,-0.035413401624407315,0.0032860320985138997,0.007128270535750305
2024-06-30,composite-csi300,0.00664202064322672,-0.0012746297028670972,0.007128270535750305
2024-07-31,composite-csi300,-0.014571656094752194,-0.006634875937745338,0.007128270535750305
2024-08-31,composite-csi300,0.11560059402016853,-0.004888449654759597,0.007128270535750305
2024-09-30,composite-csi300,0.09182148773966647,0.05126271639447198,0.007128270535750305
2024-10-31,composite-csi300,0.014222702830664291,0.07632559935420975,0.007128270535750305
2024-11-30,composite-csi300,-0.05243782762094695,0.03508647942214711,0.007128270535750305
2022-12-31,chinext-comp,0.00446562918615645,0.001953916587192772,-0.0008102867760519453
2023-01-31,chinext-comp,-0.04459352430351193,0.0018882871675519452,-0.0008102867760519453
2023-02-28,chinext-comp,-0.020486346403915556,0.0009471511421348163,-0.0008102867760519453
2023-03-31,chinext-comp,-0.0051674335450215825,0.0011276065910694518,-0.0008102867760519453
2023-04-30,chinext-comp,-0.043635355346816285,-0.0005316824466749075,-0.0008102867760519453
2023-05-31,chinext-comp,0.00024590006087055194,0.0008049490741563539,-0.0008102867760519453
2023-06-30,chinext-comp,0.02341848475253505,-0.0007715121666700929,-0.0008102867760519453
2023-07-31,chinext-comp,-0.011802211712197641,0.0008091678656393471,-0.0008102867760519453
2023-08-31,chinext-comp,-0.02418472282553641,0.0005333493337791075,-0.0008102867760519453
2023-09-30,chinext-comp,-0.005050889205630349,0.0014370504388904514,-0.0008102867760519453
2023-10-31,chinext-comp,-0.03276027127973247,-0.00011548666300235932,-0.0008102867760519453
2023-11-30,chinext-comp,0.005058042036865218,0.0004832516148959116,-0.0008102867760519453
2023-12-31,chinext-comp,0.034471145888481325,0.00037356485743087614,-0.0008102867760519453
2024-01-31,chinext-comp,0.02451839475197981,0.00017993587617022924,-0.0008102867760519453
2024-02-29,chinext-comp,-0.022643308554519903,-0.0024529369779358393,-0.0008102867760519453
2024-03-31,chinext-comp,0.019393991026643853,-0.0007327065982595977,-0.0008102867760519453
2024-04-30,chinext-comp,-0.008266291774113754,-0.000637309034055622,-0.0008102867760519453
2024-05-31,chinext-comp,0.0010417301817389202,0.0017979809599506374,-0.0008102867760519453
2024-06-30,chinext-comp,0.0018112551365077056,0.0020871969161916307,-0.0008102867760519453
2024-07-31,chinext-comp,-0.014164203498025163,0.0016619708847659814,-0.0008102867760519453
2024-08-31,chinext-comp,0.05096078381358127,0.002428967036787374,-0.0008102867760519453
2024-09-30,chinext-comp,-0.06514303103236574,-0.0075912499239807925,-0.0008102867760519453
2024-10-31,chinext-comp,0.006721180760552059,-0.011572835211445014,-0.0008102867760519453
2024-11-30,chinext-comp,0.010704781083188286,-0.00391451891256776,-0.0008102867760519453
2023-05-31,chinext50-comp,0.002374237038670124,-0.006393597128816801,0.0023646042741823866
2023-06-30,chinext50-comp,0.028737535862479846,-0.013711933314732774,0.0023646042741823866
2023-07-31,chinext50-comp,-0.013634077438143377,-0.008839855676260836,0.0023646042741823866
2023-08-31,chinext50-comp,-0.03750864945836796,-0.010500809770837189,0.0023646042741823866
2023-09-30,chinext50-comp,-0.006504396652764255,-0.004816369262711924,0.0023646042741823866
2023-10-31,chinext50-comp,-0.0406393101754533,-0.010621946482669575,0.0023646042741823866
2023-11-30,chinext50-comp,0.006927705170213017,-0.006947512160739507,0.0023646042741823866
2023-12-31,chinext50-comp,0.039782174589682695,-0.011592293216170377,0.0023646042741823866
2024-01-31,chinext50-comp,0.03059285538404377,-0.012133688330270127,0.0023646042741823866
2024-02-29,chinext50-comp,-0.012533407951563103,-0.013603737478608918,0.0023646042741823866
2024-03-31,chinext50-comp,0.024378964312078644,-0.007945896181960788,0.0023646042741823866
2024-04-30,chinext50-comp,-0.018374729124405076,-0.007129584418582417,0.0023646042741823866
2024-05-31,chinext50-comp,0.005846721096017138,0.0025708437205679054,0.0023646042741823866
2024-06-30,chinext50-comp,0.008210402702215625,0.0008156188959894351,0.0023646042741823866
2024-07-31,chinext50-comp,-0.00957859604612088,-0.0013146362237588093,0.0023646042741823866
2024-08-31,chinext50-comp,0.08001535796729797,0.002949941311743344,0.0023646042741823866
2024-09-30,chinext50-comp,-0.056294833216785856,-0.02275020863654625,0.0023646042741823866
2024-10-31,chinext50-comp,0.010257206453246681,-0.028784924977026265,0.0023646042741823866
2024-11-30,chinext50-comp,0.011984089311679602,-0.010634231365832914,0.0023646042741823866
2023-02-28,chinext300-comp,-0.0005796787525660374,-0.0007293204316181205,-0.0008835056906795886
2023-03-31,chinext300-comp,-0.00013808096539924541,-0.0007713025155903948,-0.0008835056906795886
2023-04-30,chinext300-comp,-0.025274745776010632,-0.0010020493567958256,-0.0008835056906795886
2023-05-31,chinext300-comp,-0.006510700217633225,-0.00052619059003456,-0.0008835056906795886
2023-06-30,chinext300-comp,0.005632009869581123,-0.0005440904404514003,-0.0008835056906795886
2023-07-31,chinext300-comp,-0.012699707034618424,0.0006021388884265488,-0.0008835056906795886
2023-08-31,chinext300-comp,-0.011488643234024543,0.0005091036760774556,-0.0008835056906795886
2023-09-30,chinext300-comp,-0.0037450580003232092,0.001363522509485477,-0.0008835056906795886
2023-10-31,chinext300-comp,-0.019773151486677465,0.000306010407087541,-0.0008835056906795886
2023-11-30,chinext300-comp,0.003462154472890777,0.0004273681656407741,-0.0008835056906795886
2023-12-31,chinext300-comp,0.014535922397801437,0.0008525347035520281,-0.0008835056906795886
2024-01-31,chinext300-comp,0.02772023860763495,0.0009886851605649593,-0.0008835056906795886
2024-02-29,chinext300-comp,-0.01923768908587764,-0.001655029922239587,-0.0008835056906795886
2024-03-31,chinext300-comp,0.010212875098570828,-0.0009059263893248346,-0.0008835056906795886
2024-04-30,chinext300-comp,-0.010512627680594022,-0.0005347082106422563,-0.0008835056906795886
2024-05-31,chinext300-comp,-0.0012281060282357537,0.00014232637340496918,-0.0008835056906795886
2024-06-30,chinext300-comp,0.0027751996040055182,0.0006149554704817017,-0.0008835056906795886
2024-07-31,chinext300-comp,-0.011095034882827592,0.0008397847337836952,-0.0008835056906795886
2024-08-31,chinext300-comp,0.0374201817708637,0.0010605482616023061,-0.0008835056906795886
2024-09-30,chinext300-comp,-0.019546171408092894,-0.003535123930180985,-0.0008835056906795886
2024-10-31,chinext300-comp,-0.0011228650716774702,-0.006190549334035985,-0.0008835056906795886
2024-11-30,chinext300-comp,0.003584119706434019,-0.003614331788844532,-0.0008835056906795886
2022-12-31,basic-comp,0.00035960421540814913,0.000676223266296874,-0.0015907472682305315
2023-01-31,basic-comp,-0.008966971771580012,0.0005993045613697221,-0.0015907472682305315
2023-02-28,basic-comp,0.0005222859909599364,-0.0009755919803280748,-0.0015907472682305315
2023-03-31,basic-comp,-0.0009354428038801377,-0.00047518627444175085,-0.0015907472682305315
2023-04-30,basic-comp,-0.017376208754877775,-0.0011089444189151657,-0.0015907472682305315
2023-05-31,basic-comp,-0.003923951205464515,-0.00028196070653298657,-0.0015907472682305315
2023-06-30,basic-comp,-0.0008583012307439297,-0.0006720509692973594,-0.0015907472682305315
2023-07-31,basic-comp,-0.007888085542340995,7.902822910450151e-05,-0.0015907472682305315
2023-08-31,basic-comp,-0.003231900264749954,9.29749246529393e-06,-0.0015907472682305315
2023-09-30,basic-comp,-0.0007854509547421396,0.0007885325983592937,-0.0015907472682305315
2023-10-31,basic-comp,-0.00926203444097684,-0.00043415746696770985,-0.0015907472682305315
2023-11-30,basic-comp,2.6248796422767562e-05,-0.0002942607718744686,-0.0015907472682305315
2023-12-31,basic-comp,0.0036678302305572785,0.0004228704756727244,-0.0015907472682305315
2024-01-31,basic-comp,0.018824804363765102,-0.00012892375129178483,-0.0015907472682305315
2024-02-29,basic-comp,-0.010754427535251354,-0.003689071502279212,-0.0015907472682305315
2024-03-31,basic-comp,-0.0001072690413299604,-0.001830037518734251,-0.0015907472682305315
2024-04-30,basic-comp,-0.009982326939829256,-0.001775668416930456,-0.0015907472682305315
2024-05-31,basic-comp,-0.0029265702598366694,-0.0003476298468475013,-0.0015907472682305315
2024-06-30,basic-comp,0.00260665883386757,-0.00021609130955281986,-0.0015907472682305315
2024-07-31,basic-comp,-0.0035791485539633516,-0.00018077363485940806,-0.0015907472682305315
2024-08-31,basic-comp,0.02204689477815136,-0.00020252379270715559,-0.0015907472682305315
2024-09-30,basic-comp,-0.000774788938091131,-0.006320290657924001,-0.0015907472682305315
2024-10-31,basic-comp,-0.0015664941599879967,-0.008809585215727486,-0.0015907472682305315
2024-11-30,basic-comp,-0.0011157176468660213,-0.004835863714782056,-0.0015907472682305315
